,yearID,AB,R,H,2B,3B,HR,RBI,SB,CS,BB,SO,IBB,HBP,GIDP,PA,BA,OBP,SLG,OPS,decade,BBPG,CG,ER,ERA,IPouts,KPG,SHO,SV,WP,BIP,BABIP,games
0,1871,0.0,0.6546148177049465,0.0,0.006844626967830253,1.2138400453771978,0.07107952021323856,0.40349937511158723,1.2838427947598252,1.2023460410557185,0.17223179065503638,0.0,0.0,0.0,0.3715792116495104,0.0,13.730892241343435,9.103288416539023,11.935092895132462,10.535459852875293,1870,6.488053059693638,1.414565826330532,0.18489146689627045,12.939410090539077,0.0,0.004843683249486711,0.0,0.04647560030983733,0.8159300631374454,0.0,11.027797059905415,127.0
1,1872,0.6170959665139748,1.2884206875623185,0.6469947425756644,0.34223134839151265,0.1474758933635848,0.0414630534577225,0.7150508837707552,0.7831149927219796,1.3098729227761485,0.027779321073392968,0.04220596510973551,0.0,0.0,0.48707004770273665,0.5265127606450424,13.348622322640809,6.490596660241139,6.487273024434499,6.261943694822259,1870,1.9213075408123585,2.0868347338935576,0.43866406851860246,9.345649639554555,0.5004427984864342,0.06650567752587828,0.3488372093023256,0.09295120061967466,0.7576493443419136,0.7929808788885282,11.09495952663249,183.0
2,1873,0.7819776887252248,1.4531581913556164,0.8643963434850566,0.3171343828428017,0.8961996596710153,0.07107952021323856,0.8926977325477593,0.9141193595342068,1.2805474095796676,0.10778376576476471,0.04830238229225286,0.0,0.0,0.6126035651518955,0.6791154406877176,14.810367957741562,7.788948440063097,7.9138954279756,7.670693947984871,1870,2.56880087818258,2.331932773109244,0.4549780214800381,7.691203978622253,0.6447145962482892,0.0,0.23255813953488372,0.12393493415956623,0.0,1.0045867359255467,12.471835637780288,199.0
3,1874,1.0552939902268716,1.3577838470542334,1.0055416094349454,0.4631530914898471,0.7033465683494045,0.05034799348437731,0.8221746116764863,0.7045123726346434,0.9481915933528837,0.0,0.08534984055524292,0.0,0.0,0.5372834546824002,0.9079077457590196,10.124113733195903,3.88059821062755,4.275461455877896,3.7962667173808025,1870,0.8133986002200679,2.871148459383753,0.14863823809308016,0.0,0.9273005394090652,0.173452316311771,0.6395348837209303,0.030983733539891558,0.029140359397765905,1.3497157222652314,7.974733792088405,232.0
4,1875,2.0401246169430625,2.0202020202020203,1.757684838724956,0.9308692676249144,1.5995462280204198,0.05034799348437731,1.2310301731833602,1.8311499272197962,3.1280547409579667,0.012222901272292905,0.23447758394297502,0.0,0.0,0.7130303791112227,1.7725817893390383,4.730176591086154,0.0,0.7535883587427185,0.0,1870,0.0,4.1456582633053225,0.6163048896542348,0.22361236063844406,1.903389421141615,0.6771469369424267,2.616279069767442,0.26336173508907823,2.0009713453132587,2.5835560106219146,3.024752300102987,345.0
5,1876,1.184880320589191,1.0074998916200633,1.0595367782882583,0.46087154916723705,0.5558706749858197,0.05034799348437731,0.5829316193536869,0.0,0.0,0.10889493860770041,0.19414743950478333,0.0,0.0,0.0,1.032469962631335,7.877855082719226,2.9798804089655713,2.3811075170066296,2.3139215868321,1870,1.480198579402729,3.1022408963585435,0.3299043821090316,0.7426529404595932,1.2024796715240318,1.0048366018218449,2.441860465116279,0.1859024012393493,0.611947547353084,1.4804085607971431,6.500154931718494,260.0
6,1877,0.36251043252782544,0.11791737113625525,0.28607966655615025,0.0,0.8167895632444697,0.002961646675551607,0.07052312087127299,0.0,0.0,0.1188954941941219,0.2583942975051585,0.0,0.0,0.0,0.312466834611539,9.474211568637891,5.071310624710755,4.959305123575434,4.7395820636806825,1870,3.2108165884657316,2.0798319327731094,0.14501291521276113,3.9321414274703077,0.47870541824329765,3.1494032442645525,0.9302325581395349,0.04647560030983733,0.7576493443419136,0.38575198328463567,10.1561263313088,180.0
7,1878,0.3595797682226795,0.0,0.20745512243641356,0.11407711613050422,0.0,0.0,0.0,0.0,0.0,0.14000777820990054,0.4248733821046708,0.0,0.0,0.0,0.31201997464069664,6.249117244942834,3.206337385545876,2.1286514012534723,2.2797808429150255,1870,3.343501732293256,2.261904761904762,0.0,0.7226626067557097,0.5187988084695274,5.325792402794401,1.2209302325581395,0.0,1.0879067508499272,0.32298612325083864,8.881755408580322,184.0
8,1879,1.6988933556743393,1.3048944379416483,1.4540804243830816,1.2023728040155144,2.098695405558707,0.10365763364430623,0.9159078735940012,0.0,0.0,0.30001666759264406,0.7822172200337647,0.0,0.0,0.0,1.5023432219721047,5.173210639450225,1.8062869297376354,3.572973373292889,2.4258335000094284,1870,2.2878345024480753,4.061624649859944,0.6860923551003761,1.9489746410341815,1.7133886160534577,5.16907692180788,2.3255813953488373,0.015491866769945779,2.321515298688684,1.940247567198595,7.3019948400874295,321.0
9,1880,1.7174967030026567,1.1158798283261804,1.347511012172595,1.2525667351129364,2.2234826999432786,0.11550422034651266,0.7962863774326013,0.0,0.0,0.5578087671537307,0.8525604952166572,0.0,0.0,0.0,1.5445714892167104,2.200341312026181,1.1240986613062938,2.2219078946158763,1.3498499833436874,1880,3.971841399508747,4.054621848739496,0.6706847328590203,1.1687130416672105,1.826584010949199,5.424009106669752,2.7325581395348837,0.1859024012393493,1.651287032540068,1.9389156656594162,4.471709700973913,340.0
10,1881,1.727180637228356,1.3187670698400311,1.5336522521669114,1.4533424595026236,1.951219512195122,0.15696727380423517,1.0328512765577575,0.0,0.0,0.8833824101338963,0.7545488651284937,0.0,0.0,0.0,1.5857943215269206,6.430563878292606,5.265489789010047,5.01964417958542,4.864843373609684,1880,6.407769328202248,4.215686274509804,0.9017990664793584,3.7212508292024307,1.8058127364946461,4.738759663611044,2.7906976744186047,0.030983733539891558,2.127246236036911,1.984033830299095,8.260639118688323,336.0
11,1882,3.9245417651518535,3.631161399401743,3.425377729361057,2.70362765229295,5.570051049347703,0.459055234710499,1.776468487770041,0.0,0.0,1.504528029334963,0.930407053085725,0.0,0.0,0.0,3.5747680517463847,3.185492130551186,2.727305430110948,3.7641475809506804,2.966916988908215,1880,5.614342372015804,7.359943977591037,2.0936239633842386,3.903920926849244,3.8157958296433456,5.411243016987148,3.6046511627906974,0.015491866769945779,4.604176784847013,4.7756994564176845,2.8056696865196287,571.0
12,1883,5.969380929020584,6.178523431742315,5.554397764410552,4.690851015286333,9.23425978445831,0.6367540352435954,2.8485984645599,0.0,0.0,2.3201288960497806,1.2671168636278372,0.0,0.0,0.0,5.4495690594156185,5.625741182324671,4.512630869186372,6.121895639205159,5.1251465130819245,1880,6.158981721697837,9.943977591036415,3.7223002673675625,6.536240454127614,5.615811931406489,6.536946135942852,4.069767441860465,0.1859024012393493,6.4303059737736765,7.317966519325059,5.287755027425068,785.0
13,1884,12.549614235383313,12.865132006762908,11.126793918438878,8.188455395847592,15.938740782756664,1.97245668591737,3.1833601142653096,0.0,0.0,5.232512917384299,1.9508534984055526,0.0,4.717741935483871,0.0,11.563842325459287,1.8133251799829553,3.2719408185641,3.345374286557052,2.9899806014606005,1880,6.918983090147773,20.0,7.662119907554267,5.848530363426007,11.928991224539088,10.173570472849677,11.046511627906977,0.24786986831913246,20.0,15.597898925321944,0.0,1537.0
14,1885,6.613489975216773,6.405687779078337,5.780324918296785,4.020077572438969,9.449801474758933,0.888494002665482,4.603642206748795,0.0,0.0,3.6579809989443857,1.4828362408553741,0.0,3.3568548387096775,0.0,6.185994291363873,2.013136701172294,4.8602467360614305,3.057752070986555,3.5784617953466293,1880,8.892294702794702,11.77170868347339,4.028640050754521,5.363896510599144,6.50688350374366,7.5029948459559,6.162790697674419,0.2013942680092951,10.568237008256435,8.06882601203706,1.4612474210769473,890.0
15,1886,7.913430724829736,8.330515454978974,7.044474968029176,5.1289071412274705,11.605218377765175,1.1550422034651266,6.166755936439921,9.441048034934498,0.0,5.906994833046281,1.9100543987994747,0.0,3.1149193548387095,0.0,7.549140632418574,2.691796555327943,7.489598993499321,4.069284598752659,5.383185353385958,1880,12.76984904147513,13.830532212885153,5.434358997598223,7.5236498524213005,7.744304001288142,8.978707782667232,5.6395348837209305,0.15491866769945778,13.054881010199127,9.600679269784981,2.4581342324515902,1049.0
16,1887,8.143806423251636,9.982225690380197,8.114905508454505,6.062057951174994,14.361883153715258,1.7266400118465866,8.089626852347795,18.471615720524017,0.0,6.461470081671203,2.6960232601763274,0.0,7.520161290322581,0.0,7.8556865724164515,9.378458542648428,12.687239779624937,10.414796985494004,11.376930749114367,1880,13.95773347507992,13.92156862745098,6.947931300131418,12.637967147892514,7.78681265598583,5.256586001432051,4.011627906976744,0.24786986831913246,11.403593977659057,9.590523520548743,10.935153421234245,1056.0
17,1888,8.233510235026536,7.5640525425933145,7.056789655662388,4.6087154916723705,10.459444129325014,1.4749000444247002,5.985538296732726,15.312954876273654,0.0,4.988054891938441,3.769461639467267,0.0,8.306451612903226,0.0,7.794913616381887,0.5263342617742182,5.384965065774246,2.236647372637507,3.3675225501737267,1880,9.89952800150473,14.516806722689076,4.942221416594916,4.812586325336582,8.217534820062797,7.525082642056543,8.720930232558139,0.15491866769945778,11.74356483729966,9.340791981952734,3.7880524010719214,1090.0
18,1889,8.365899809506821,9.608531668617506,8.084592431203525,5.895505361624458,10.788428814520703,1.9073004590552347,7.941439028744867,14.020378457059678,0.0,7.864881382299017,3.51435002813731,0.0,7.651209677419355,0.0,8.192954135409742,7.448471123512639,13.134322037621688,7.970172772894423,10.223014411155633,1880,16.6237175921258,13.312324929971988,6.7603208410749085,11.103613983208556,8.100958054907013,7.02101667950531,5.058139534883721,0.5731990704879938,9.781447304516757,9.58003479592771,10.49976702659386,1088.0
19,1890,13.050502991188894,15.154983309489747,12.490408752901057,8.621948437143509,20.0,2.1945801865837407,11.979110873058383,20.0,0.0,12.761820101116728,3.006940536484712,0.0,13.548387096774192,0.0,12.85783708602613,6.489586032086838,13.623640482274613,6.985594916590241,9.904118125658718,1890,18.139862494642124,19.964985994397757,10.240630806181175,10.78450596811126,12.519764914258111,6.6888928764744096,7.558139534883721,0.7281177381874516,14.317629917435648,15.86494518392728,6.306548206141375,1609.0
20,1891,8.516510470753882,9.30420080634673,7.866243546630038,5.019393109742186,12.898468519568917,1.664445431660003,7.706659525084806,12.125181950509461,0.0,8.663814656369798,3.508253610954793,0.0,9.929435483870968,0.0,8.43057192490518,4.707929174682555,12.666199009293608,5.7455197623142045,8.760286607008902,1890,17.991331100379238,13.088235294117647,6.134952644219876,8.509528500511518,8.310280975766846,6.795415970947497,5.290697674418605,0.7436096049573973,8.635259834871297,9.792639579119113,7.522513436334934,1108.0
21,1892,6.760150610661247,6.488923570468634,5.940415857528537,3.595710700433493,9.960294951786727,1.166888790167333,5.382074629530441,9.318777292576419,0.0,6.600366687038168,2.718533108234853,0.0,5.655241935483871,0.0,6.635870567009445,2.259577671204213,10.07256481762407,3.412422482073808,6.234616814341418,1890,16.569392914187425,11.162464985994397,4.55612452984094,6.97389091858067,6.693502938571774,6.3137162299922345,4.941860465116279,0.35631293570875294,4.652744050509956,7.8061084334340585,4.572452292640618,918.0
22,1893,5.871012544517428,7.292669181081198,6.068299152181121,4.029203741729409,10.380034032898468,1.2942395972160523,6.449741117657561,8.011644832605532,0.0,6.561475637535419,1.484712061526918,0.0,6.441532258064516,0.0,5.861127092561457,11.838721425307629,17.136104756183023,11.253820808525576,13.94343819263833,1890,19.44135080647961,8.858543417366946,5.736167127384783,15.75076250946912,5.610337331937847,3.51595466109911,2.2674418604651163,0.4957397366382649,3.856240893637688,7.075227463809738,11.838467991554577,785.0
23,1894,5.957530851612821,8.576754671175271,6.966324065741486,5.297741273100616,13.250141803743618,1.7947578853842736,7.723620782003213,9.16448326055313,0.0,6.258125451413967,1.4809604201838305,0.0,6.068548387096774,0.0,6.0314924564451164,20.0,20.0,19.68330636424448,20.0,1890,18.539843156924054,8.893557422969188,6.648842162505098,20.0,5.594396586426214,3.514329385422675,1.4534883720930234,0.557707203718048,3.5356969402622633,7.16146808847156,20.0,798.0
24,1895,5.8569963239276,7.465210040317336,6.501207786671719,4.524298425735798,9.812819058423143,1.3771657041314973,6.672915550794501,8.427947598253274,0.0,5.424745819212179,1.616019508534984,0.0,6.733870967741935,0.0,5.849173588341423,16.42087521343442,17.01814042537486,14.336074276455413,15.608537846249881,1890,15.954502880168313,8.80952380952381,5.8648660896361084,16.46441457855716,5.582642299331777,3.9751417934056015,2.441860465116279,0.6661502711076684,2.642059252064109,7.00563560838765,17.148625328703826,797.0
25,1896,5.702690477252311,6.638054363376252,6.176289489887747,3.958475929728497,9.914917753828702,1.128387383385162,5.993572576325656,8.905385735080058,0.0,5.1291738429912765,1.570061902082161,0.0,6.411290322580645,0.0,5.699140353131092,14.799531626841931,15.560915435738583,12.473901184817116,13.881707026506637,1890,15.080243429417191,8.942577030812325,5.269406806543708,13.824119668011058,5.560904919088641,3.837332429674421,2.965116279069768,0.41828040278853607,2.7877610490529383,6.834319772910788,15.628390594695283,792.0
26,1897,5.841068800530068,6.617245415528678,6.356747027897503,4.31439653205567,9.438457175269427,1.0217681030653043,5.965898946616676,7.874818049490538,0.0,4.990277237624313,1.6666666666666665,0.0,7.560483870967742,0.0,5.815547375535534,15.118384482982414,15.583006983724859,12.271675291287776,13.77922868566963,1890,14.355340420320665,9.334733893557424,5.294784066705941,13.458560169290232,5.677803719507287,4.066213313975869,2.616279069767442,0.3872966692486445,2.6906265177270523,6.986822499146751,16.35670598178664,807.0
27,1898,6.605335083237237,6.2643603416135605,6.561833941173685,3.7805156285649097,8.71242200794101,0.8174144824522435,5.623103017318336,6.023289665211062,0.0,5.393632979609978,1.898330519602326,0.0,8.719758064516128,0.0,6.563144106754847,9.334303923864393,11.957794382713393,6.351199489423232,8.76433308528305,1890,13.460863842095316,11.064425770308123,5.017446866361536,9.004334932227678,6.620078898639401,4.056613789991625,4.709302325581396,0.24786986831913246,2.4963574550752794,7.9146584088771235,10.576023130826988,920.0
28,1899,6.628907817865585,6.735162786664932,6.934116421162317,4.03832991101985,9.971639251276233,0.9743817562564785,5.950723085163364,7.767103347889374,0.0,5.268070448358242,1.7229412868129805,0.0,8.75,0.0,6.568953286375798,12.559593946129867,13.64368565734338,9.278609195383835,11.193694480526784,1890,13.181943073353393,10.952380952380953,5.385417138713917,10.566761589061791,6.588036389984704,3.56618850129258,4.941860465116279,0.4957397366382649,2.3020883924235065,7.998901181230178,13.359636303651268,921.0
29,1900,3.607265499073018,3.492435080417913,3.705773693932648,2.2838238649326943,5.388542257515598,0.6841403820524211,3.2074629530440992,4.908296943231441,0.0,3.1068392688482693,1.175201650722191,0.0,5.171370967741935,0.0,3.605042814770956,11.703037853899804,12.911055373084752,9.27572210418519,10.846570932583838,1900,12.82759161572776,6.337535014005602,2.9174785879367384,9.590219998874456,3.7021173818533133,4.182369159209994,3.7209302325581395,0.1859024012393493,0.932491500728509,4.2615854622947,12.885068390892787,568.0
30,1901,8.44579226686884,7.949885117267091,8.457348553024204,5.703855806525211,12.546795235394214,1.279431363838294,6.967505802535262,8.299854439592432,0.0,5.808100450025001,3.1893640967923464,0.0,8.366935483870968,0.0,8.250934216626542,9.669005142899849,10.678419050658327,8.269958169993444,9.232160848574356,1900,11.55393801277254,13.193277310924369,6.0923551003761265,8.268750677493102,8.353433700990259,6.009575564204721,6.8604651162790695,0.5267234701781565,3.3317144244779016,9.835093940680435,12.73312444441968,1109.0
31,1902,8.34067061244513,6.930246672735944,8.169847960971913,5.477983116586813,9.65399886557005,0.9803050496075818,6.183717193358329,7.8136826783114985,0.0,5.782543474637479,3.027105608703808,0.0,7.217741935483871,0.0,8.161673937450775,8.286948127930668,9.641046597578688,5.845226431933877,7.389274315519794,1900,11.372249066443745,13.480392156862745,5.5258984003262785,6.243744490093377,8.441993398277111,5.588286391408901,8.953488372093023,0.4957397366382649,2.7974745021855267,9.772161592954241,11.151615529062793,1115.0
32,1903,8.233510235026536,6.922443317293103,7.897977549377161,5.93885466575405,11.673284174702212,0.9240337627721013,6.081949651847884,7.9825327510917035,0.0,5.701427857103173,3.6222097167510787,0.0,7.348790322580645,0.0,8.080792282728304,7.010435336726553,8.770022252816016,6.27842858806027,7.220339401386603,1900,11.43610020354876,13.165266106442576,5.384510807993836,5.873721450720534,8.401738990419451,7.053221561800732,9.476744186046512,0.7436096049573973,3.1374453618261295,9.424035828151403,11.35145199395609,1114.0
33,1904,9.131695134460152,6.414358174014826,8.176005304788518,5.521332420716404,11.593874078275665,0.912187176069895,5.5882878057489735,8.096069868995633,0.0,5.935885326962609,4.278746951791409,0.0,7.832661290322581,0.0,8.920330452948438,2.8004531129623955,5.85625239454046,2.49171996312818,3.7321833786765453,1900,10.655166955466512,15.105042016806722,5.124393891330946,3.0000677070112114,9.539650591739795,7.426335269348301,14.24418604651163,0.5886909372579395,3.729966002914036,10.365190753273563,7.372395166722249,1248.0
34,1905,9.049381693541708,6.703082325399921,8.14521858570549,5.537303216974675,11.208167895632444,0.9329187027987561,5.89626852347795,8.5764192139738,0.0,6.6125895883104615,4.383792909397862,0.0,8.245967741935484,0.0,8.9526160858418,3.1183805683559567,6.837057910416706,2.6815125768377284,4.300691392014376,1900,11.829105121190533,13.634453781512605,5.470612226401413,4.011341946738406,9.53095563964254,7.694021525662502,12.790697674418606,0.6661502711076684,4.050509956289461,10.219181047041097,8.024669954538656,1237.0
35,1906,8.822446340173673,6.043265270733081,7.8818737270875765,5.021674652064796,9.892229154849687,0.7048719087812825,5.3097661131940725,8.724890829694322,0.0,6.590366131451747,4.190114425060964,0.0,7.338709677419355,0.0,8.763147458204628,2.7252148429397858,6.5192435214963655,1.4146511411084997,3.443556911684373,1900,11.972227298301545,13.172268907563025,5.03738614220329,2.9750595658077117,9.398277111343692,7.345854521212445,15.872093023255813,1.3168086754453912,3.2831471588149586,10.004245436156133,7.549440302744879,1227.0
36,1907,8.853409445658475,5.885464082888976,7.8624544119736655,4.652064795801962,9.393079977311402,0.6545239152969051,5.127655775754329,8.096069868995633,0.0,6.514806378132119,4.0616207090602146,0.0,7.449596774193549,0.0,8.773090092555872,2.379079827050138,6.270862301673347,0.626285160907787,2.886297479039065,1900,12.016834373101013,12.598039215686274,4.728327366656092,1.987205715120278,9.454955317607277,6.901263764163307,16.046511627906977,1.3787761425251743,3.3511413307430793,10.093149863896311,6.882304338542515,1233.0
37,1908,8.901192015851072,5.647028222135519,7.662577558849998,4.772986538900296,9.858196256381168,0.7226417888345921,4.901803249419746,7.924308588064046,0.0,6.24701372298461,4.175107859688614,0.0,7.772177419354839,0.0,8.861903511760795,0.6243737854733792,4.557347333953006,0.0,1.7285593089457052,1900,11.294877477836176,11.540616246498598,4.545248561199982,1.1194906747252007,9.690041059496014,7.113395785967706,16.569767441860467,1.6576297443841983,3.370568237008256,10.11146351006002,5.033559563430875,1244.0
38,1909,8.892782283497175,5.976503229722114,7.841614171363615,5.083276294775269,9.880884855360181,0.6989486154301793,5.172290662381718,8.893740902474526,0.0,6.963720206678149,4.315325454886513,0.0,7.701612903225806,0.0,8.912957263429538,1.969743759481469,6.299878029470477,0.9650728285207308,3.089116696684911,1900,12.53454479467776,11.134453781512605,4.88784157339013,2.161995259701292,9.6431849287497,7.388928221573321,15.639534883720929,1.7505809450038727,4.283632831471588,10.052027403874169,6.915454444182472,1241.0
39,1910,9.012302419072252,6.6527940347682835,8.161322407995074,5.439196897102441,11.661939875212706,1.001036576336443,5.826638100339226,9.50509461426492,0.0,7.979332185121396,4.456012005252298,0.0,7.973790322580645,0.0,9.112145095432533,3.4769591157074977,8.401219474484154,3.115525297560392,5.280653726038733,1910,14.207920838968384,10.658263305322128,5.466080572801015,3.6826660703342995,9.720795427099267,7.653568817249252,13.313953488372093,1.9209914794732765,4.040796503156872,10.141264806999143,8.571147813691143,1249.0
40,1911,9.102770751970235,8.026184592708198,8.910623786292804,6.46589094227698,13.511060692002268,1.4541685176958388,7.129976789858954,9.90684133915575,0.0,8.444913606311461,2.1679797411367474,0.0,8.508064516129032,0.0,9.228998977807816,8.181102547699432,11.70823485057251,7.87219554892776,9.495767392343378,1910,15.390788578616522,9.873949579831933,6.698690352109484,7.487333358176118,9.561548989614362,7.9753928125527915,9.476744186046512,2.106893880712626,4.031083050024284,11.04629190287108,8.249778182442842,1237.0
41,1912,9.074483470416219,8.029652750682793,8.969829015298632,6.666666666666666,13.874078275666477,1.2409299570561232,7.154972326370292,9.85443959243086,0.0,8.272681815656425,2.08778840742825,0.0,7.227822580645161,0.0,9.159400537349114,8.799304400233144,11.796936802135395,8.130889987596131,9.68202119165743,1910,14.958266850837457,9.817927170868346,6.646123170344858,7.496035586133041,9.482328314950486,7.9493878485836476,9.069767441860465,2.044926413632843,4.225352112676056,11.049788144411426,8.939238645875495,1231.0
42,1913,8.969616656366867,6.984870160835826,8.487661630275186,6.020990189368013,12.864435621100396,1.3238560639715682,6.265845384752723,9.461426491994176,0.0,7.810433912995166,4.271243669105234,0.0,7.076612903225806,0.0,8.994285778122853,6.096778963463212,9.909885698896817,6.0818077664653325,7.648136511965435,1910,14.071503127432754,9.033613445378151,6.037975257171341,5.569043399608315,9.572659206183078,7.550198615728986,11.162790697674419,2.5406661502711074,3.9339485186983976,10.132940422379274,10.878493416437337,1233.0
43,1914,14.241117220201197,10.947240646811462,13.275233268602282,9.568788501026694,18.23028927963698,2.0346512661039537,9.724156400642743,13.312954876273652,13.391984359726294,12.117339852214013,6.838304258112924,0.0,9.98991935483871,0.0,14.265334279186938,4.74874933563972,9.085638519794292,4.90808214726901,6.604161036474014,1910,14.109605258439501,14.27170868347339,9.037929940635337,4.566135298929778,15.099750422671283,7.928447901110615,19.593023255813954,3.826491092176607,6.556580864497329,16.06939207019121,9.877949427480058,1879.0
44,1915,14.12860519492103,10.67238912732475,12.958366882963103,9.356605065023956,18.570618264322178,1.8125277654375833,9.507230851633636,11.953420669577874,20.0,12.09178287682649,6.492684299380979,0.0,10.231854838709678,0.0,14.195065548771971,3.7421896029269677,8.47408533375513,4.12593926035261,5.879102226660217,1910,14.165726257578097,14.201680672268909,8.962704490868719,4.526469271211284,15.010063601964415,7.441126300138718,20.0,3.6715724244771497,5.886352598348713,16.057571444031,8.389818717139462,1865.5
45,1916,9.059702728703309,6.056270863137816,8.139061241888884,5.849874515172257,11.44639818491208,1.0661928031985783,5.523120871272988,8.014556040756913,8.172043010752688,7.5981998999944445,4.388951416244607,0.0,6.451612903225806,0.0,9.077178302714117,3.007134982564224,7.5397328420747325,3.189206620876587,4.915506850604666,1910,13.25380203749769,8.99859943977591,5.391761453754475,3.365661518875716,9.787295708880123,7.431301548606905,13.313953488372093,2.8040278853601857,3.652258377853327,10.223343239351031,7.7743318112412085,1247.0
46,1917,9.076522193411101,6.109160272250401,8.189267276085824,5.6536618754277885,11.412365286443562,0.9240337627721013,5.55793608284235,7.024745269286754,0.0,7.413745208067115,3.988463702870005,0.0,5.836693548387096,0.0,9.094494126584259,3.2532243960360017,7.214953994746056,2.8701030676656005,4.584193469296036,1910,12.83008075836581,9.474789915966387,5.306566366066978,3.131843567454183,9.783592303357217,6.589646475082029,14.24418604651163,2.509682416731216,2.7974745021855267,10.39549151328988,7.273422154163628,1247.0
47,1918,7.1983486343741445,4.74964234620887,6.623407379339743,4.316678074378279,8.542257515598411,0.6278690952169407,4.3465452597750405,5.790393013100436,0.0,6.123673537418746,2.6964922153442132,0.0,4.647177419354839,0.0,7.2342160679674015,4.713712230484042,8.222544450666316,3.042955366529675,5.155876098556021,1910,13.087480484435034,8.760504201680671,4.351293787102914,3.6649612062400876,7.798083890185975,5.201035854016828,11.162790697674419,1.7195972114639815,1.6998542982030114,8.4167852891475,7.534410186849524,1016.0
48,1919,8.1356515312721,5.864655135041401,7.825983990906077,5.683321925621721,10.391378332387974,1.2557381904338814,5.4400999821460445,6.046579330422125,0.0,6.382576809822767,3.129806790470831,0.0,5.352822580645161,0.0,8.120227675155144,7.192381343209494,9.098123220060707,6.505567074182603,7.501878096216593,1910,12.410048165006707,8.914565826330533,5.4325463361580635,5.561886709275784,8.628451815473795,5.678910785764675,10.75581395348837,1.533694810224632,2.4283632831471587,9.452338735858952,10.061046947155178,1118.0
49,1920,9.347035250794782,7.680235834742273,9.555250319708236,7.250741501254848,12.85309132161089,1.7977195320598252,7.151401535440099,5.0072780203784575,15.278592375366568,7.3137396522029,3.3164509472894395,0.0,5.655241935483871,0.0,9.31546638216582,10.963287302026206,11.343938527840516,10.123942876269465,10.581048416643151,1920,12.851029325265788,9.565826330532213,6.979652875334209,8.075382473992496,9.667337573464295,5.353646737596712,10.406976744186046,2.1998450813323007,2.7586206896551726,10.938407878197605,13.435197287757155,1234.0
50,1921,9.473690916851957,8.69120388433693,10.269028560602473,8.099475245265799,13.976176971072036,2.7069450614541686,8.372612033565435,4.328966521106259,12.873900293255131,7.343741318962165,3.1813918589382855,0.0,5.554435483870968,0.0,9.422154200204439,14.947784711560676,13.620659150743695,14.793551261344792,14.261666299039488,1920,13.028242404789607,8.711484593837536,8.160601803598134,11.734870292301,9.541582803316963,5.136672218248429,6.8023255813953485,2.726568551510457,2.292374939290918,11.10073337828501,16.706598701201155,1228.0
51,1922,9.495862029421321,8.803051979017644,10.188983090986596,8.015058179329227,12.66023823028928,3.0564193691692583,8.441349758971612,4.224163027656477,11.388074291300098,7.7948774931940665,3.177171262427312,0.0,6.028225806451612,0.0,9.489071480838087,14.239012294211397,13.773933142618247,14.52037267508076,14.18144337660414,1920,13.822394256706982,8.480392156862745,8.273893143608102,11.949391738392183,9.587311810643266,5.081245820829992,8.19767441860465,2.4012393493415956,2.5060709082078683,11.111555078290838,15.604441398220688,1240.5
52,1923,9.480953867521231,8.642649672692592,10.001894567328186,7.964864248231804,11.457742484401587,2.8342958685028874,8.33511872879843,4.561863173216885,12.297165200391007,8.13934107450414,3.2104670793472145,0.0,6.098790322580645,0.0,9.48627860602032,13.071576104051648,13.644317358857327,13.087430322576916,13.320346083721182,1920,14.652491835483517,8.368347338935575,8.09987764535279,11.461096730544755,9.582964334594639,5.154093034134354,6.9186046511627906,2.5716498838109993,2.2826614861583296,11.092741969049937,14.577873176219402,1231.5
53,1924,9.409216302138748,8.507391511683357,10.026997584426656,8.327629477526807,11.832104367555303,2.585517547756553,8.27887877164792,4.369723435225619,12.189638318670577,7.918217678759931,3.0303882948790095,0.0,5.574596774193549,0.0,9.392214582157997,13.76440772204245,13.805360197344443,13.527796723296312,13.642138328866327,1920,14.230180224725695,8.186274509803921,8.16875878007885,11.831832919915277,9.511311488608003,4.824814787580643,7.732558139534884,2.6955848179705653,2.078678970373968,11.07692563827219,15.173832673248114,1231.0
54,1925,9.506820165518823,9.267785147613473,10.331549282432624,8.91170431211499,11.786727169597278,3.3940470901821413,9.00821281913944,4.04075691411936,10.782013685239491,8.340463359075503,3.043519039579816,0.0,4.989919354838709,0.0,9.497003245320538,15.129449525301231,15.011899061750428,16.021518725784276,15.603319761165189,1920,15.22868282436568,8.26330532212885,8.741559795169257,13.619134720049985,9.459785846550197,4.918585629396529,5.930232558139536,2.6955848179705653,2.1758135016998543,11.154342415236954,15.993383893861912,1228.5
55,1926,9.292754251055994,8.270689729917198,9.664187941078957,8.466803559206022,11.627906976744187,2.4877832074633495,8.138725227637922,3.7117903930131,4.887585532746823,8.29490527251514,3.096042018383043,0.0,4.879032258064516,0.0,9.37556904824412,12.107013373960955,12.966260172759867,12.661381726469166,12.762720736814266,1920,14.963392040290975,7.885154061624649,7.879639280373408,11.02778417855511,9.498430078093552,5.0201532689413995,7.5,2.9899302865995354,1.7969888295288974,10.906941704334507,13.62884548221373,1234.0
56,1927,9.383095163766797,8.535136775480122,9.879694974660161,8.480492813141684,11.54849688031764,2.6625203613208943,8.415461524727728,4.183406113537118,4.995112414467253,8.008222679037724,3.148564997186269,0.0,4.858870967741936,0.0,9.423829925095097,12.941883560503564,13.062027179882143,13.285657724374328,13.156399964881071,1920,14.37314852626271,8.186274509803921,8.147006842796937,11.686028343023462,9.545608244102729,5.068637463284612,7.151162790697675,3.0364058869093724,2.0689655172413794,10.996512082844276,14.483420418950034,1236.5
57,1928,9.385516147323221,8.450166905102527,9.773599204281723,8.65160848733744,11.412365286443562,3.1689619428402196,8.397607570076772,3.6943231441048034,4.711632453567938,8.252680704483582,3.2470455824423183,0.0,4.576612903225806,0.0,9.425282220000335,12.194018564699373,12.993929950958801,13.881292645309927,13.456810597571305,1920,14.859469695850944,8.004201680672269,8.113472606153985,11.592266679887246,9.544481120682715,5.263794114731719,7.441860465116279,3.361735089078234,1.5735794074793588,10.93624353819644,13.441959239398278,1231.0
58,1929,9.478532883964807,9.403043308622708,10.202718704115947,9.242527948893452,11.730005672149744,3.9271434917814307,9.340296375647206,3.868995633187773,4.809384164222874,8.616034224123561,3.192177827799662,0.0,4.102822580645161,0.0,9.507727884620756,14.459523766144107,14.742107652681426,16.89915404954318,15.966043098365002,1920,15.747379594420357,7.983193277310924,9.077808492318848,14.568186300196679,9.469446904436035,5.257956983547601,6.7441860465116275,3.2997676219984506,2.2438076736279746,11.034637764403266,15.155684499859722,1230.0
59,1930,9.651951758717134,10.223262669614602,10.655046653720458,9.867670545288615,13.045944412932503,4.5668591737005775,10.188359221567577,3.14410480349345,4.134897360703812,8.240457803211289,3.638623147627087,0.0,4.112903225806452,0.0,9.610170532936372,16.245644565500314,15.301092035513522,19.594331662755387,17.734301685172525,1930,14.934654588710245,7.457983193277311,9.818280690624007,16.701585724662046,9.473633362853231,6.132629877170361,5.116279069767442,3.3152594887683966,2.3700825643516272,11.066769889035953,17.606899484912287,1234.0
60,1931,9.658705028637687,8.65912342307192,9.92042817221617,9.301848049281315,10.640952921157119,3.0978824226269808,8.675236564899125,3.1673944687045124,4.418377321603128,8.268237124284681,3.619864940911649,0.0,3.840725806451613,0.0,9.485273171085925,11.264349523143508,13.128172258031586,13.071549917277483,13.068064143312837,1930,14.888583121451195,8.11624649859944,8.35818190057552,12.317822241318034,9.53578616858546,6.065476434502521,7.441860465116279,3.020914020139427,2.166100048567266,11.164831139857988,13.179154460914864,1236.0
61,1932,9.72980549308427,8.852473230155635,9.948846682138967,9.46383755418663,10.663641520136132,3.9537983118613953,8.887698625245491,2.8820960698689957,4.007820136852395,8.123784654703039,3.6123616582254736,0.0,3.699596774193548,0.0,9.536215207761957,10.964556487890658,12.689871912421628,14.43165849745381,13.620668640763615,1930,14.504035348826843,7.675070028011205,8.536729052431232,12.667606596045378,9.601320344577731,5.969465477506999,6.627906976744185,2.974438419829589,2.3700825643516272,11.212280132191228,12.063242626965847,1233.0
62,1933,9.48006192621097,7.8770537998005805,9.410315919101976,8.017339721651837,9.472490073737948,3.0919591292758772,7.925370469559008,2.5036390101892287,3.6754643206256112,7.895994221901217,3.4088351153629715,0.0,3.538306451612903,5.548581471252825,9.317030392063767,9.041425485252848,11.350495156838875,10.75739898174223,10.937780611422363,1930,14.252859638876554,7.591036414565826,7.624054017310917,10.303638377080164,9.492150390467756,5.64077598070178,9.476744186046512,3.423702556158017,2.6032054395337543,11.006667832080515,10.305999042418467,1226.0
63,1934,9.567854435178166,8.752763688386006,9.880642258324254,8.859228838694959,8.508224617129892,3.9123352584036724,8.826995179432245,2.6462882096069866,3.0791788856304985,8.463803544641369,3.8721628212342902,0.0,3.4475806451612905,4.860657795631433,9.422936205153412,11.629575518740854,13.57687724888893,13.864223467531293,13.722201966776282,1930,15.507696846871964,7.226890756302521,8.587483572755698,13.325218031446243,9.40069237581515,6.681138060465958,7.732558139534884,3.5321456235476374,2.9431762991743566,10.910770921259644,13.516386548099232,1223.0
64,1935,9.63487745363498,8.776173754714527,9.933690143513475,8.747433264887064,9.699376063528076,3.856063971568192,8.770755222281736,2.5705967976710338,3.2160312805474094,8.44046891493972,3.671450009379104,0.0,3.850806451612903,4.569420035149385,9.494322085495483,11.518974531303048,13.42040109860562,13.877161054352156,13.655629780881881,1930,15.328810398790086,7.450980392156863,8.563012643313545,13.043570263573873,9.482328314950486,6.210737315156588,8.430232558139535,3.2068164213787758,2.8654686741136475,11.072763445962257,12.947340796183909,1228.0
65,1936,9.787909098438465,9.487146139506654,10.307393548998247,9.217430983344741,9.608621667612026,3.9715681919147046,9.461703267273702,2.8034934497816595,3.1280547409579667,9.089393855214178,3.779778653160758,0.0,4.163306451612903,5.036404720060256,9.682226703234708,12.947366866908768,14.956569005723665,14.946959772091263,14.977330948388236,1930,16.481292388797822,7.324929971988795,9.269044274255675,14.871108247561073,9.561387971982931,6.363935915083192,6.627906976744185,3.6715724244771497,4.205925206410879,11.22776348758418,14.638237673217313,1237.5
66,1937,9.57448028491154,8.81432349243508,9.78922938473926,8.63563769107917,9.812819058423143,4.167036872501111,8.817175504374218,2.9723435225618635,3.2942326490713585,9.117173176287572,4.138998311761395,0.0,3.245967741935484,4.800401707255838,9.488289475889111,10.964735830782509,13.908748397433595,14.174696597584004,14.05204199614246,1930,16.655416047621458,7.598039215686274,8.638238093080165,13.227298815855711,9.4955317607278,7.1727087695854275,7.732558139534884,3.3152594887683966,2.6129188926663427,10.81037884274405,13.14935394770174,1238.5
67,1938,9.453431107090296,8.726752503576538,9.563775872685076,8.247775496235455,9.109472490073738,4.300310972900933,8.843063738618104,2.60844250363901,3.176930596285435,9.327184843602423,3.826674169949353,0.0,3.5080645161290325,5.212151644489078,9.398805766727923,10.273615030789937,13.927606081287651,13.718523056928525,13.80626698936448,1930,17.285887483255983,7.4299719887955185,8.569356958354103,13.338596489490271,9.37525159004911,6.615057513364069,7.034883720930233,3.2378001549186672,2.77804759592035,10.755604391945326,11.585291720311455,1223.0
68,1939,9.436356802008142,8.646117830667187,9.60071993558471,8.459958932238193,8.893930799773115,4.211461572634384,8.667202285306196,2.786026200873362,3.3724340175953076,9.15606422579032,3.904520727818421,0.0,3.558467741935484,9.766507657544564,9.460807587682305,10.645855103918933,13.444111788367437,13.889694798534398,13.673809073480776,1930,16.804313778406474,6.988795518207283,8.606516517877374,13.236618311120251,9.456243458658722,6.72483779876297,7.209302325581395,3.8574748257164986,3.118018455560952,10.710652714998044,12.275611790165568,1231.0
69,1940,9.579577092398749,8.379069666623314,9.425946099559514,8.373260323979009,9.041406693136699,4.584629053753887,8.365470451705052,2.774381368267831,3.255131964809384,8.928273792988499,4.161508159819921,0.0,3.6088709677419355,9.163946773788602,9.460584157696884,8.472998347111336,12.382559466772985,13.099760000922021,12.73217863137738,1940,16.14634208053399,7.464985994397759,8.36090089273576,12.25291117482092,9.565252395137268,7.163605597681181,7.790697674418605,3.6250968241673123,3.2345798931520156,10.785572176576848,9.967789516408684,1236.0
70,1941,9.56059148450889,8.03225386916374,9.202860796665561,8.046999771845767,8.338060124787294,3.8738338516215016,8.028923406534547,2.5676855895196504,3.1573802541544476,9.609422745708095,4.056931157381355,0.0,3.1451612903225805,9.38488576449912,9.525825713439872,7.089847092425785,12.203152780122332,10.632836676423313,11.270358318565787,1940,17.386881162217975,7.394957983193278,7.924955816377396,10.834989658160803,9.636583205861042,6.891745561236626,9.186046511627907,3.3927188226181255,3.4677027683341426,10.837849311989611,8.7932435007088,1244.0
71,1942,9.29007842712521,7.01521654311354,8.56107611424241,6.949577914670318,6.704480998298355,3.1038057159780843,7.013033386895198,2.797671033478894,3.812316715542522,9.061614534140785,3.821984618270493,0.0,3.4173387096774195,8.817474265628922,9.241175912013272,4.465391369847257,10.32850722592338,6.824401935959898,8.260128980358521,1940,16.492269008053967,7.696078431372549,6.931617347169983,8.249147572358847,9.517108123339506,6.496416027980859,10.058139534883722,3.067389620449264,2.574065080135988,10.611093074944435,6.128427685090538,1224.0
72,1943,9.413676008690057,6.748168379069667,8.698905887367973,6.926762491444216,7.0901871809415775,2.612172367836517,6.805034815211569,2.940320232896652,4.389051808406647,9.026057003166843,3.925623710373288,0.0,3.2963709677419355,9.445141852874718,9.36808414373251,4.613936861236968,10.112422274929585,5.9515651537794225,7.6709430309630555,1940,16.04820862755374,7.464985994397759,6.748538541713871,7.284695178012931,9.734803961033734,6.551040838992747,11.220930232558139,3.9039504260263365,2.234094220495386,10.763429313488,6.901398544158253,1238.5
73,1944,9.536509069131823,7.323015563358911,9.096765026287121,7.351129363449692,7.66874645490641,2.9942247889826747,7.362970898053919,2.6783114992721977,3.3137829912023458,8.547141507861548,3.75633089476646,0.0,3.5181451612903225,9.30454431333166,9.431203114613997,6.529127435226586,10.58402705877654,8.04138061424981,9.0600369773,1940,15.185093468374442,7.661064425770308,7.143698735668646,8.478778562457023,9.697608888173255,6.1950605345330825,10.058139534883722,3.439194422927963,2.5643516270033997,10.96254859359522,8.29657829016923,1242.0
74,1945,9.38131128114627,7.267525035765379,8.940463221711742,6.995208761122519,6.761202495745887,2.914260328742781,7.291555079450099,2.8471615720524017,3.6461388074291303,8.957164286904828,3.6906771712624273,0.0,3.639112903225806,8.58649259352247,9.3363570858027,6.487265451365971,11.193516388776178,7.520274735500928,9.056556707536386,1940,16.268947850751815,7.780112044817927,7.16091901935016,8.873115170812312,9.534498027534015,6.206270623923076,10.58139534883721,3.361735089078234,2.2729480330257408,10.787570028885614,8.2577946201293,1230.0
75,1946,9.366785379807723,6.978800884380284,8.740586368588074,7.182295231576545,7.3851389676687464,3.530282837257515,7.029101946081057,2.5735080058224162,3.3235581622678394,9.513861881215623,4.464922153442131,0.0,3.185483870967742,9.364800401707257,9.3679724287398,5.205941742730084,11.085234763565035,8.29977911129484,9.440665147589172,1940,17.197506574207722,7.163865546218488,6.939774323650701,8.077164602501298,9.611142420095,7.709299424719118,11.162790697674419,3.5011618900077455,2.166100048567266,10.459089811785665,7.950627637440038,1242.0
76,1947,9.37990965908729,7.736593401829453,8.952777909344952,7.157198266027835,7.623369256948384,4.5668591737005775,7.836993394036779,2.2125181950509463,3.255131964809384,9.977220956719817,4.212155317951604,0.0,3.1955645161290325,9.7313582726588,9.40204550151653,6.581413677913298,12.526880183287414,10.973504798970522,11.613214703815418,1940,18.21985414055281,6.526610644257703,7.853355689491095,10.80485751094384,9.561226954351502,7.242062439116666,9.941860465116278,4.47714949651433,2.583778533268577,10.507704217965689,8.01505555395168,1243.0
77,1948,9.376724154407782,8.170113148653922,9.06218917254772,7.426420260095825,7.963698241633579,4.537242706945062,8.264595607927156,2.363901018922853,2.8152492668621703,10.42835713095172,4.146032639279685,0.0,3.4475806451612905,9.711272909866935,9.44851893848414,7.356400256474368,13.507570297053554,11.669835563686624,12.464453761383174,1940,19.23755841143413,6.078431372549019,8.32555399465265,12.293938660110424,9.507447065453666,7.177473722899838,7.965116279069767,4.8489542989930285,3.0014570179698885,10.528681667207751,8.789779904441202,1237.0
78,1949,9.372774128605194,8.255083019031517,9.030928811632643,7.234770704996578,7.135564378899603,4.978528061602251,8.311908587752187,2.1251819505094613,2.9227761485826003,10.87727095949775,4.115550553367099,0.0,3.780241935483871,10.705498368064273,9.492981505582957,7.16762261345226,13.949322950054462,11.96186619929546,12.835818500782958,1940,20.0,6.65266106442577,8.369057869216478,12.291816021029211,9.558972707511472,7.061480508906511,9.709302325581394,3.78001549186677,3.20543953375425,10.509535582582057,8.101473662615103,1240.0
79,1950,9.429221271526048,8.764902241297092,9.216122767962867,7.490303445128907,7.4985819625638115,6.0713756848807945,8.871630066059632,1.8922852983988356,2.258064516129032,10.797266514806378,4.398330519602326,0.0,4.395161290322581,11.17750439367311,9.523479698592949,8.059316997898398,14.483310796975804,14.6446914517699,14.585392645192382,1950,19.923144938492563,6.7857142857142865,8.872977749580821,13.822908556640215,9.527091216488206,7.693515241801419,7.790697674418605,4.461657629744384,2.9917435648372996,10.421463593303866,8.74181432948552,1238.0
80,1951,9.460056956823669,8.118957818528633,9.041822573769716,7.189139858544376,6.625070901871809,5.449429883014957,8.20657025531155,2.5211062590975253,5.904203323558162,10.007222623479082,4.295629337835303,0.0,4.526209677419355,10.775797137835802,9.471532226982522,6.659413286453567,12.790593319086268,12.187680746654845,12.41542201692415,1950,18.17654234192829,6.3655462184873945,8.262110844247065,11.786248357554566,9.64093068190967,7.377274927234852,9.36046511627907,4.260263361735089,3.088878096163186,10.53317683490248,7.442222051053292,1239.0
81,1952,9.349201393976848,7.322148523865262,8.606545730118885,6.74652064795802,6.1826432217810545,4.969643121575596,7.445099089448313,2.244541484716157,6.13880742913001,9.488304905828102,4.785687488276121,0.0,4.858870967741936,9.871955812201858,9.338591385656912,4.39555634482123,10.981030349804126,9.776495921321695,10.215929775715473,1950,17.155061934173826,6.442577030812325,7.508950015860788,9.64128421686566,9.639803558489655,8.397966200789513,10.174418604651162,4.725019364833463,2.729480330257407,10.241323910129944,6.385204342388957,1239.0
82,1953,9.451392384095412,8.255950058525166,9.168758584758205,7.214236824093087,6.954055587067498,6.0802606249074485,8.376182824495626,1.9446870451237264,5.083088954056696,9.38274348574921,4.707371975239168,0.0,4.909274193548387,10.188300276173738,9.405955526261401,7.585323803947233,12.675998105639238,13.971911583288797,13.357462404201293,1950,17.09121719865439,5.84733893557423,8.408936420899986,12.414376126613849,9.55575235488286,8.30567404877667,8.837209302325581,5.344694035631293,3.302574065080136,10.340217599413963,8.870030604715122,1240.0
83,1954,9.316199565497161,7.736593401829453,8.907781935300527,6.899383983572895,7.453204764605785,5.668591737005775,7.8887698625245495,2.023289665211063,5.151515151515151,9.77165398077671,4.708309885574939,0.0,4.445564516129032,9.836806427316095,9.419919900350227,6.69722599218712,12.135189219439903,12.89662590297999,12.502113860130537,1950,17.760062837405457,5.679271708683473,7.912267186296279,10.880140916908502,9.601481362209162,8.2600881707825,9.418604651162791,5.406661502711076,2.7003399708596403,10.186382971638821,8.278469321540161,1236.0
84,1955,9.272112180732794,7.945549919798847,8.766636669350637,6.4339493497604385,6.443562110039705,6.518584332889086,8.078914479557222,2.02037845705968,5.239491691104594,9.784988054891938,4.984055524291878,9.77657413676371,5.100806451612904,9.741400954054733,9.362833539075112,6.012894865055727,12.03499831700735,13.468683890172379,12.774226656536712,1950,17.89647911652225,5.035014005602241,8.093533330312232,11.53219544933057,9.545608244102729,8.90822487777253,9.011627906976745,5.499612703330752,3.389995143273434,9.98310149922167,7.31338431402805,1234.0
85,1956,9.30600595052274,7.913469458533836,8.787003268128641,6.634725074150126,6.727169597277368,6.725899600177698,8.033386895197287,2.0931586608442503,4.838709677419355,9.73276293127396,5.313262052147815,10.60257278266757,4.848790322580645,9.962339944765253,9.385846827573495,5.928262244244543,11.85339007185089,13.985136100991916,12.976899582057229,1950,17.716221651704256,5.105042016806722,8.049123125028322,11.30796763789974,9.586184687223252,9.531794477652836,7.151162790697675,5.670023237800155,3.574550752792618,9.898858726868617,7.757257628530069,1239.0
86,1957,9.43979714706201,7.570988858542506,8.887415336522523,6.764772986538901,6.125921724333523,6.4534281060269505,7.759328691305124,2.2328966521106257,5.454545454545454,8.810489471637313,5.521009191521291,10.02031144211239,5.151209677419355,9.892041174993723,9.403162651443637,5.736460599162665,10.654022929143496,13.040099758241912,11.88368637783029,1950,15.71505105970055,4.76890756302521,7.853355689491095,10.471113692089798,9.706625875533371,9.84664812412175,7.848837209302325,6.041828040278854,3.457989315201554,10.015233623854357,8.192150865053572,1235.0
87,1958,9.302310765094514,7.520700567910868,8.77184672950315,6.75564681724846,5.933068633011912,6.565970679697912,7.699517943224424,2.1572052401746724,5.043988269794721,8.766042557919885,5.650909773025699,9.19431279620853,5.030241935483871,10.354004519206628,9.264300915504366,5.847725764164343,10.84812569458806,13.49869632081679,12.231247202053284,1950,15.845949728251352,5.0,7.80078850772647,10.646781006586579,9.564286289348683,10.25799790559342,7.441860465116279,6.243222308288149,3.9048081593006314,9.783149780652465,8.613959404975843,1235.0
88,1959,9.361815992507692,7.759136428664326,8.778951356983848,6.951859456992927,5.207033465683494,6.595587146453427,7.89680414211748,2.483260553129549,4.946236559139785,8.82937940996722,5.828643781654473,9.57345971563981,5.0,9.224202862164198,9.328425321320248,5.503173695131701,10.6298472760579,13.17362892332401,11.946830466388787,1950,15.929638178584051,4.992997198879552,7.917705170616758,10.925331733051145,9.588760969326142,10.598468302830495,8.953488372093023,5.855925639039504,4.205925206410879,9.796135820659458,8.546817344201553,1238.0
89,1960,9.326138340097222,7.5952659643646765,8.683275706910434,6.869723933378964,5.967101531480431,6.234266252036132,7.710230316014997,2.6870451237263464,5.347018572825024,9.051613978554364,5.927593322078409,9.87136086662153,4.919354838709678,9.610846095907608,9.33445793092662,5.076561129610977,10.57827823430312,12.52481087180717,11.56029408713864,1960,16.281436003865227,4.46078431372549,7.763628948203199,10.370435167635383,9.63851541743821,10.745926147879823,7.906976744186046,6.646010844306739,4.662457503642544,9.73470186216484,8.63932320907549,1236.0
90,1961,10.98489433680978,9.570381930896954,10.403542840903707,8.08578599133014,7.056154282473058,8.0171775507182,9.579539367970005,3.045123726346434,5.855327468230694,10.732818489916108,6.927405740011255,9.91198375084631,5.776209677419355,11.207632437860909,10.98750467806532,5.95874719899439,11.392750577618568,14.26415197353066,12.915426324320267,1960,16.823299763333857,5.014005602240896,9.55181945892056,11.711072916128764,11.208437323886965,10.964677716089554,8.720930232558139,7.74593338497289,6.372025254978144,11.44686129077908,9.18339799985318,1430.0
91,1962,12.724944412943342,10.887414921749684,12.039975370624735,8.856947296372347,8.179239931934204,8.819783799792685,10.90430280307088,3.9243085880640467,6.852394916911045,11.887327073726317,8.156068279872443,11.07650643195667,7.147177419354839,12.48807431584233,12.660101548928374,5.777809302612729,11.067919066202073,13.378267160915042,12.267670668538372,1960,16.254289455492938,5.707282913165265,10.78171024606879,11.251398763759848,12.924080186780454,11.356625763450207,9.534883720930234,9.558481797056546,8.013598834385625,13.23910129943644,9.657732262197046,1621.0
92,1963,12.6135791693478,9.429921532925825,11.339932742859848,8.36641569701118,7.475893363584799,7.940174737153858,9.43849312622746,3.59825327510917,7.4584555229716525,10.392799599977776,8.7216282123429,12.633716993906567,7.19758064516129,11.328144614612102,12.413881704994218,2.6356697685816304,7.982547894783286,10.120524483752272,8.993892940106115,1960,13.961451527129787,5.854341736694678,9.36692799202429,8.086463079032088,12.972546493841076,12.202786644811246,13.372093023255813,9.109217660728117,7.673627974745022,12.942253743891982,7.533027598992991,1619.0
93,1964,12.696402291014966,9.728183118741057,11.636432529721025,8.758840976500114,7.1242200794100965,8.111950244335851,9.732190680235671,3.423580786026201,7.028347996089932,10.426134785265848,8.927499531044832,13.744075829383887,6.995967741935484,12.021089630931458,12.485826160299842,3.7973924033814797,8.622546877462186,11.035986206202402,9.80679493229124,1960,13.993127333649,5.378151260504201,9.734898264376671,8.861130282425112,12.988487239352708,12.511067869687416,12.616279069767442,10.333075135553836,8.305002428363283,12.967726360828776,9.182700034943066,1626.0
94,1965,12.604022655309281,9.573850088871549,11.296831336143608,8.596851471594798,7.430516165626773,7.892788390345031,9.534904481342618,4.218340611353712,7.683284457478006,10.887271515084171,8.960795347964735,15.301286391333784,7.258064516129032,11.865428069294502,12.460019996983696,2.4536319700420877,8.32389866918781,10.095551512089,9.140933834161187,1960,14.655388590499676,4.971988795518207,9.511034576516971,8.340954894258436,13.009741566701553,12.542009898588606,10.872093023255813,10.487993803253293,8.95580378824672,12.847522246917897,7.791676216512502,1623.0
95,1966,12.569364364396252,9.533966272163697,11.417610003315492,8.416609628108601,7.804878048780488,8.05567895750037,9.522406713086948,4.235807860262009,9.051808406647115,10.10389466081449,8.73663477771525,14.732566012186865,6.875,11.82525734371077,12.340261524797935,3.263306018498561,8.09028918049288,10.797911259690578,9.422869489881242,1960,13.56302328690278,4.950980392156863,9.526442198758327,8.480811797182279,12.942919249657837,12.255770853675203,11.046511627906977,10.317583268783888,8.887809616318602,12.872661888469894,8.29137628371535,1615.0
96,1967,12.535980275355026,8.93570902154593,11.065694122104864,8.329911019849419,7.487237663074305,6.740707833555457,8.86805927512944,3.997088791848617,9.188660801564026,10.47502639035502,9.021759519789908,17.53554502369668,7.570564516129032,11.272909866934471,12.358359353617052,1.5536271675065643,7.517568987355762,7.929076133116752,7.5511851103546945,1960,14.040769795951585,5.273109243697479,8.936420899986405,7.0926843099654,13.010707672490138,12.636827249332237,12.906976744186046,10.007745933384973,8.363283147158816,12.801738131508628,7.718779422396355,1620.0
97,1968,12.461694306228937,7.981098539038454,10.708568180741722,7.8439425051334695,6.4095292115711855,5.840367244187768,8.014640242813783,4.410480349344978,9.100684261974584,9.909439413300738,8.895141624460702,16.56059580230196,7.842741935483871,11.132312327391414,12.244074916074112,0.0,6.1441336357262255,5.337041357184884,5.456409384205271,1960,13.17319845777774,6.078431372549019,8.008338242624735,5.046439469205248,13.034860317204732,12.41375132966841,15.988372093023255,9.233152594887684,8.576979116075766,12.800239742277054,6.298700101088899,1625.0
98,1969,15.349672848669416,12.091732778428057,13.962961208733955,10.059320100387863,8.133862733976176,9.169258107507774,11.90055347259418,5.3857350800582235,10.928641251221896,14.657480971165064,10.456762333520915,19.44482058226134,8.891129032258064,14.561888024102437,15.30115569159959,3.1601802003779604,9.981689062643355,9.724191874436427,9.715436063259249,1960,16.633101901137458,6.673669467787114,11.923686953369284,9.06931895138696,15.767168504951293,12.183339833762435,13.837209302325581,11.52594887683966,11.267605633802818,15.832147108525003,8.427217477604442,1946.0
99,1970,15.458362268334172,12.984783456886461,14.42428835314735,10.960529317818846,9.018718094157686,10.087368576928773,12.882520978396714,5.5545851528384285,10.53763440860215,14.98861047835991,10.410335771900206,19.82396750169262,8.316532258064516,15.179512929952297,15.427505348355277,4.749101721567811,11.009928893048569,12.174842810817024,11.568485542059328,1970,17.062708825014127,5.763305322128851,12.869896225132551,10.809274390586182,15.75171081233395,12.13498104373307,10.69767441860465,13.586367157242448,10.927634774162215,15.939032207044095,9.693505111124546,1944.0
100,1971,15.254999649594485,11.418043091862835,13.946857386444371,10.266940451745379,7.66874645490641,8.411076558566563,11.37832529905374,5.138282387190685,10.156402737047898,13.665203622423467,9.745357343837929,18.903182125930943,8.276209677419356,15.520964097414009,15.134588637468092,3.477471080834226,9.35137876502275,9.122994589481447,9.082547963832752,1970,15.459627993664311,7.373949579831933,11.373544206280872,8.149292110774475,15.707430963690525,11.294290082851909,15.174418604651162,10.658404337722695,9.626032054395337,16.00362943169426,8.257861206134201,1938.0
101,1972,14.526665859672148,10.232800104044738,12.94605219532989,9.630390143737166,6.965399886557005,7.436694802310084,10.193715407962864,5.260553129548763,10.801564027370478,12.766264792488471,9.633746013881073,18.65944482058226,7.570564516129032,14.0446899322119,14.381294441620538,1.959672607032252,8.22258129731297,7.407518165698886,7.592501523829345,1970,14.977408772555076,6.862745098039216,10.22522318393982,6.846187092376269,15.07141131953949,11.651493414536713,16.918604651162788,11.34004647560031,9.17921321029626,15.146384303540362,7.29616281951412,1859.0
102,1973,15.486776970075368,12.547795552087397,14.639795386728556,10.935432352270134,7.464549064095292,9.118910114023397,12.429030530262452,5.921397379912664,11.857282502443793,14.291905105839213,9.464922153442132,18.375084631008804,7.610887096774194,15.711775043936731,15.367737827255105,5.578046170666864,10.926097399581847,11.149436548456237,10.956495835194517,1970,16.184280780884254,7.226890756302521,12.38682195133004,9.9180559337469,15.76137187021979,10.88409121666734,13.488372093023255,12.672347017815646,10.441962117532784,16.366239625735666,9.833796368157353,1943.0
103,1974,15.473143010047082,12.261672519183248,14.620376071614645,10.894364590463152,8.111174134997164,7.77728416999852,12.07552222817354,7.243085880640466,13.519061583577711,14.13967442635702,9.060213843556555,18.320920785375762,7.80241935483871,15.480793371830279,15.373770436861477,5.549917912274446,10.713822109127477,9.703837070084045,10.049349839546512,1970,15.962044502318884,7.42296918767507,11.992568088095346,9.160076311509927,15.792126237823041,10.330103581343856,12.965116279069768,7.993803253292022,9.344341913550267,16.56752324584405,10.00743102540749,1945.0
104,1975,15.373373003484943,12.477565353101834,14.570170037417704,11.435090120921743,8.564946114577426,7.922404857100548,12.33886805927513,7.347889374090247,13.3822091886608,14.6274793044058,8.959388482461076,18.117806364251862,7.671370967741935,15.1343208636706,15.34751741357449,5.749160776796687,11.190373092204124,10.448511038297832,10.689823193424033,1970,16.684729632498538,7.163865546218488,12.20374314587393,9.690602652642688,15.68665968923597,10.272392353305623,12.732558139534884,10.348567002323781,10.043710539096649,16.46480033963489,10.059400984145368,1934.0
105,1976,15.379998853218314,11.781332639701738,14.444654951925353,10.971937029431896,9.46114577424844,6.551162446320155,11.633636850562398,8.890829694323145,15.09286412512219,13.504083560197788,8.708497467642093,15.653351387948543,6.895161290322581,14.612101431082099,15.233568121009679,5.166181083268645,9.948252383880998,8.471440940306755,9.000292883777583,1970,15.18022131903324,7.072829131652662,11.588344586939774,8.438243850531977,15.78407535625151,9.874034939761128,14.941860465116278,10.56545313710302,8.96551724137931,16.6396124166521,9.806122978912551,1939.0
106,1977,16.96638018361249,14.652100403173364,16.54715104438024,13.712069358886607,11.775382870107771,10.72412261217237,14.519728619889305,8.78311499272198,17.390029325513197,15.02194566364798,10.104577002438566,17.562626946513202,7.973790322580645,15.761988450916395,16.79109854938082,7.573988613562576,11.614717011111171,14.547402799614076,13.178237373023403,1970,15.650648976860467,6.148459383753502,14.427878732949653,11.532147847239422,17.143064165526127,10.709997762090202,10.0,13.075135553834237,10.121418164157358,17.982169168144246,11.543139248936608,2103.0
107,1978,16.659552372882438,13.306455109030216,15.822952683180977,13.130276066621036,10.073737946681794,8.686509699392863,13.182467416532761,8.745269286754002,15.806451612903224,14.809711650647259,9.324235603076346,18.117806364251862,7.782258064516129,15.445643986944514,16.528233171532783,5.836956988213149,10.519755039651137,11.146073023561252,10.762985175117205,1970,15.518520855590353,7.037815126050421,13.150858748357274,9.540435139776564,17.02600434747605,9.835676029307486,13.604651162790697,12.439969016266462,9.033511413307432,17.972845857369993,9.611836771929571,2102.0
108,1979,16.81564210217825,14.574066848744959,16.48747217354237,13.652749258498744,10.595575723199094,10.09921516363098,14.48580610605249,8.684133915574963,15.620723362658847,14.848602700150009,9.313449634214969,18.49695328368314,7.600806451612904,16.700979161436102,16.661397442843818,7.93379427738588,11.680604861452421,13.997955216034704,12.90256983001106,1970,15.572129302937336,6.190476190476191,14.336339330221596,11.554859745460629,17.017148377747365,9.82810604622371,9.941860465116278,12.997676219984509,9.927149101505586,18.10120786820834,11.258540310525353,2098.0
109,1980,16.989952918240835,14.001820782936662,16.597830720409227,13.49304129591604,10.709018718094159,9.074485413890123,13.923406534547402,9.589519650655022,15.73802541544477,14.39191066170343,9.396454698930782,19.431279620853083,6.622983870967742,16.881747426562892,16.754009171800902,7.685038331347021,11.074720960096279,12.529739306608672,11.797170132467613,1980,14.87109762391395,5.791316526610645,13.876829655141162,10.528142965427563,17.20215763626117,9.812348798549253,10.75581395348837,13.958171959721145,8.810101991257893,18.357099451423053,11.568379185258282,2105.0
110,1981,10.658061556692427,8.014046039797112,9.973002415573344,8.14282454939539,5.978445830969937,5.206574855619724,8.141403320835565,5.883551673944687,10.75268817204301,9.589421634535253,6.12549240292628,12.119160460392688,4.677419354838709,11.087120261109716,10.575499784948638,5.240378818019794,9.953244024596,9.623759858626244,9.645952990423085,1980,15.112422691009451,3.3683473389355747,8.284769112249059,8.880671929045649,11.035343370099026,9.675424535603858,7.616279069767442,9.35708752904725,5.740650801359884,11.462511133864428,9.230715841841693,1394.0
111,1982,16.988551296181853,14.051242034074651,16.36432529721025,13.426876568560346,9.438457175269427,9.939286243151193,14.004642028209249,9.24599708879185,15.806451612903224,14.516362020112227,9.869630463327706,17.860528097494925,6.824596774193549,15.802159176500126,16.743172817507975,6.748627426165296,10.708089282611141,12.670683322571186,11.702949899585509,1980,15.00624577571701,4.936974789915967,13.963837404268817,10.662599202394379,17.210369535464135,10.380034827000586,9.127906976744185,14.422927962819521,9.392909179213211,18.138667598997746,10.629211357677576,2107.0
112,1983,16.910697561814718,14.103264403693586,16.265807796144557,13.762263289984029,10.221213840045378,9.708277802458166,14.04749151937154,9.679767103347888,15.826001955034211,14.756375354186344,10.101763271431253,18.67298578199052,7.227822580645161,16.550338940497113,16.687427036145387,6.65573729958327,10.940023350567943,12.755548362486799,11.859708734657431,1980,15.343652814197739,5.014005602240896,13.948429782027462,10.7257287607475,17.144513324209,10.705595215059203,10.232558139534884,15.12006196746708,9.247207382224381,17.967518251213278,11.014995387747742,2109.0
113,1984,16.94777683628417,13.887371569775002,16.236442002557666,13.191877709331507,9.676687464549063,9.580926995409447,13.789501874665238,8.826783114992722,14.770283479960899,14.536363131285071,10.469424123053837,17.197020988490184,6.733870967741935,16.03314084860658,16.681617856524436,6.39164800671829,10.613915241420433,12.071406861243581,11.323978433244598,1980,15.107343616868473,4.222689075630252,13.698282503285448,10.33008311906787,17.12647934948877,11.164996179885192,8.546511627906977,15.367931835786212,9.762020398251579,17.892598789634476,11.2751100200987,2105.0
114,1985,16.85170201515026,14.14314822040144,15.950835977833561,13.671001597079627,9.449801474758933,10.5997334517992,14.1028387787895,9.016011644832606,13.988269794721408,15.111950663925773,10.446445319827424,18.104265402843602,7.046370967741935,16.535274918403214,16.655588263222867,5.608088393412186,10.636884119131283,13.011737809557323,11.859769988876467,1980,15.791975777260681,4.187675070028011,13.99465264875153,10.858098995760113,17.10425891635134,11.152690363521884,9.244186046511627,15.12006196746708,9.868868382710053,17.717953200309665,9.747750628619546,2103.0
115,1986,16.855652040952847,14.428404213811937,15.999147444702315,13.871777321469313,8.201928530913216,11.22464090034059,14.341189073379754,9.641921397379912,15.835777126099707,15.544196899827769,11.503939223410242,17.454299255247122,8.185483870967742,15.661561636957067,16.71479720935948,5.789062922900163,11.120624517843659,13.636529484397048,12.436707117718447,1980,16.28289056613688,3.8515406162464987,14.300086101418408,11.361133432658566,17.11182674502858,12.43451970427465,7.848837209302325,15.538342370255616,11.646430305973773,17.312555669322144,11.156131863798224,2103.0
116,1987,16.98167060607412,15.588503056314217,16.47989390422962,14.515172256445357,8.667044809982983,13.134903006071376,15.516871987145153,10.436681222707424,14.946236559139784,15.724206900383354,11.68823860438942,17.4272173324306,8.487903225806452,15.686668340446898,16.832768241661874,7.241970975836689,12.078949424571384,16.706338472219677,14.602442273439912,1980,16.539293917311902,3.7254901960784315,15.474690714641772,13.407785106780004,17.06368247323082,12.696846472320535,7.790697674418605,15.027110766847404,11.74356483729966,17.304397772394676,12.08718511319913,2105.0
117,1988,16.78709998024987,13.418303203710929,15.697911239520675,13.586584531143053,8.031764038570618,9.349918554716423,13.290483842171042,9.609898107714702,13.861192570869992,14.163009056058671,10.870380791596324,18.5104942450914,9.254032258064516,15.500878734622143,16.550576170074905,4.828238430697375,9.661138935950452,11.007019201130863,10.280428230023954,1980,14.693615021665018,4.152661064425771,13.39103638917841,9.837455469084823,17.108606392399967,11.665724347072128,10.348837209302326,16.235476374903175,11.053909664885866,17.553296872528698,10.150609511714775,2100.0
118,1989,16.819337287606476,13.439979191052151,15.721119689290958,13.406342687656856,8.3494044242768,9.062638827187916,13.299410819496519,9.071324599708879,14.086021505376344,14.7674870826157,11.00872256612268,19.58023019634394,8.074596774193548,15.385387898568919,16.623302630329505,4.798697691461558,9.964678711039594,10.625003443463278,10.210310716548639,1980,15.368822612901202,3.179271708683473,13.323061585172429,9.69345038750688,17.13147089606312,11.817195799679197,8.604651162790697,16.545313710302093,11.287032540067994,17.56245369561055,10.462271114902972,2106.0
119,1990,16.81258401768592,13.885637490787705,15.969308009283381,13.906000456308465,8.315371525808281,9.755664149266993,13.81271201571148,9.57787481804949,14.760508308895407,15.127507083726874,11.103920465203528,18.74069058903182,8.679435483870968,15.450665327642481,16.655141403252024,5.835568298155066,10.878564626413286,12.171268268381233,11.504537994612154,1990,15.854809708287274,2.8011204481792715,13.835138442017492,10.651996329313878,17.058368891393606,11.98773713653613,7.906976744186046,17.226955848179706,11.95726080621661,17.480874726335855,11.495345293501469,2105.0
120,1991,16.838068055121973,14.065981705466683,15.846634774783308,13.84439881359799,8.64435621100397,9.951132829853398,14.030530262453134,9.08296943231441,15.317693059628542,15.274181898994389,11.35574939035828,16.628300609343263,9.122983870967742,15.169470248556365,16.70306713512487,5.237250716642369,10.632374876569122,12.057931693211279,11.325161287919276,1990,15.926406898488901,2.3599439775910365,14.10522499660126,10.97050809571634,17.157877787617743,12.219006144753342,5.988372093023255,17.521301316808675,12.3069451189898,17.41378018629973,10.993574071853411,2104.0
121,1992,16.828766381457815,13.38448866345862,15.840003789134656,13.990417522245037,8.088485536018151,8.929364726788094,13.346723799321548,9.502183406113536,15.650048875855326,14.938607700427802,10.956199587319453,17.806364251861883,9.879032258064516,15.611348229977404,16.679160126684803,5.246245509861057,10.43987217501604,10.940821260657742,10.610725983614564,1990,15.512809865490647,2.7310924369747895,13.497983414147823,9.914516586845911,17.186860961275258,11.71265377634696,8.255813953488373,17.16498838109992,11.38416707139388,17.600912352554335,11.01099478844272,2106.0
122,1993,18.3705506463389,16.439068799583822,17.992232273954436,16.011864020077574,9.16619398752127,11.86731822893529,16.305124084984822,9.499272197962155,16.226783968719452,16.525362520140007,12.256143312699306,20.0,12.096774193548388,17.22821993472257,18.246521474414475,7.822069722848534,12.201223312510132,14.876169643307744,13.638377343354799,1990,16.060457890111987,2.3949579831932772,16.323016268636426,12.75199335296082,18.480154576926175,12.299886584450858,5.523255813953488,18.45081332300542,13.103448275862068,18.98875375637856,13.573836627297354,2269.0
123,1994,12.671173093953275,12.006762908050462,12.618765689385686,12.073921971252567,6.466250709018718,9.723086035835925,12.07552222817354,6.573508005822416,10.087976539589443,12.104005778098783,9.187300694053649,13.649289099526067,8.830645161290322,12.262113984433844,12.652504929424053,9.101750200533282,13.379003642728026,18.059226314601165,15.970831550409395,1990,16.849969674350294,1.5826330532212884,12.216431775955046,14.798826654394595,12.721842041703566,13.201616752616438,3.7790697674418605,12.021688613477924,10.082564351627003,12.751958311481824,15.215331315511236,1600.0
124,1995,16.27780149209039,15.303247062903715,16.044143418746742,14.89162673967602,7.850255246738513,12.018362209388421,15.269594715229424,8.538573508005822,12.287390029325513,15.558642146785932,11.84111798912024,14.962762356127286,12.288306451612902,15.792116495104194,16.251850279566767,8.300840266787636,13.238627483923205,16.99522857458613,15.310630626748614,1990,17.13095174926891,1.7226890756302522,15.381338650473557,14.415885624071684,16.31849287496981,13.506412185955785,4.883720930232558,15.569326103795508,12.530354541039339,16.393210631904036,14.771848885066651,2017.0
125,1996,18.60067150438644,18.144535483591277,18.575759011035856,17.239333789641798,8.201928530913216,14.627572930549386,18.0673094090341,9.429403202328967,13.128054740957966,17.61764542474582,13.662070906021384,18.185511171293165,14.153225806451612,18.12201857896058,18.547705094762243,9.145158735628451,13.749962409248917,18.41561324275929,16.344737811592264,1990,17.20620823190455,1.8277310924369747,18.06226492046948,15.43186819041637,18.506078415586508,13.87089765649235,4.651162790697675,17.273431448489543,13.88052452646916,18.63513389772661,15.684114618896247,2267.0
126,1997,18.42699778925975,17.080678024884033,18.173637095628287,17.27812000912617,8.519568916619399,13.673922701021768,17.08355650776647,9.630276564774382,15.288367546432063,17.143174620812268,13.957043706621647,15.829383886255924,14.606854838709678,17.273412001004267,18.35454987236562,8.292629533519614,13.089146965122481,17.28592106830501,15.40242007177075,1990,16.74731275249312,1.6596638655462184,17.109711333665654,14.01839173879566,18.4545527735287,14.246234106720593,4.941860465116279,17.629744384198297,13.190869354055366,18.357099451423053,15.64313689938791,2266.0
127,1998,19.915010735150773,18.54857588763168,19.603088144744945,18.9596167008898,8.701077708451503,14.929660891455649,18.52258525263346,9.560407569141194,14.711632453567937,18.011000611145064,14.874320015006566,14.448205822613405,15.997983870967742,18.599045945267388,19.778245739469465,8.131608027286871,12.787587760494443,17.433945975449745,15.342841367523018,1990,16.33257640927543,1.9117647058823528,18.61240766755789,14.288411355504547,19.8943724337815,14.122572326037943,5.6395348837209305,19.581719597211464,14.366197183098592,19.905102015333515,15.13240784313425,2432.0
128,1999,19.917686559081556,19.757228941778298,20.0,18.957335158567194,9.064095292115711,16.303864948911595,19.755400821281913,9.95924308588064,14.848484848484848,19.615534196344242,14.511348715062839,14.989844278943805,15.91733870967742,19.286969620888776,19.936657599133092,9.503333302801666,14.49037695225893,19.50194651709375,17.300388839254936,1990,18.0396972330105,1.4565826330532214,19.718131146055196,16.054776741242883,19.78649062072297,13.81899285652464,3.488372093023256,18.838109992254065,14.647887323943662,19.960209441517037,15.71477409384056,2428.0
129,2000,19.937181847720133,20.0,19.961635011604223,19.324663472507414,9.30232558139535,16.79253665037761,20.0,8.512372634643377,12.932551319648093,20.0,14.62249108985181,16.384563303994582,15.856854838709678,19.54305799648506,20.0,9.301661883180316,14.551862437943877,20.0,17.607434399310364,2000,18.410571398596197,1.4355742296918765,20.0,16.444596543480042,19.802431366234604,13.925030632820825,3.953488372093023,18.233927188226183,13.540553666828558,19.9187540061101,15.352298946621554,2429.0
130,2001,19.802626130057785,18.463606017254087,19.314166627196514,19.123887748117728,9.030062393647192,16.09654968162298,18.52972683449384,9.033478893740902,13.763440860215056,17.298738818823267,15.113956105796287,18.74069058903182,19.05241935483871,18.3429575696711,19.63346310891653,7.509962923269385,12.291696948933959,18.410314277089125,15.65405494013313,2000,15.680154272226812,1.1904761904761905,18.485521366746728,14.198981432160744,19.823202640689153,14.430175014718667,4.069767441860465,18.729666924864446,13.210296260320543,19.60758850901947,14.131757751601604,2429.0
131,2002,19.71954816801626,17.77777777777778,19.026666035144224,18.866073465662787,8.950652297220646,14.91485265807789,17.854847348687734,8.005822416302767,12.531769305962854,17.787654869714984,14.640311386231478,19.6614759647935,17.600806451612904,19.307054983680644,19.59380428650427,6.7865644299577745,12.105393861143694,16.899855066632995,14.722948257462928,2000,16.178362396360598,1.2955182072829132,17.87193546925273,13.312973842820114,19.814346670960468,13.935027488654208,4.825581395348838,18.946553059643687,13.30743079164643,19.733619692164257,13.197501411085673,2426.0
132,2003,19.866718484209454,18.27199028915767,19.39847487330081,19.15582934063427,9.098128190584232,15.353176366059529,18.349401892519193,7.4905385735080054,11.065493646138806,17.39096616478693,14.362220971675107,17.819905213270143,18.639112903225808,19.332161687170476,19.686639445446776,7.584673651488279,12.352124493118431,17.717323527288183,15.295676330979767,2000,15.753066234087637,1.2605042016806722,18.42932886210178,14.085671922640818,19.846389179615166,13.61687547881579,3.953488372093023,18.543764523625097,13.812530354541039,20.0,13.544731075747038,2430.0
133,2004,19.945209319512493,18.617072007629947,19.618718325202483,19.365731234314396,8.689733408961997,16.075818154894122,18.672558471701482,7.537117903930131,10.75268817204301,17.760986721484528,14.84383792909398,18.70006770480704,18.649193548387096,19.000753201104693,19.807515067559642,8.082081434403943,12.772371433128596,18.58264434072722,15.976950055538666,2000,16.099476968184156,0.8473389355742298,18.739293968369058,14.500048819357033,19.87472828274696,14.105158373653746,3.7790697674418605,19.039504260263364,13.152015541525014,19.890950561479745,14.431834888915942,2428.0
134,2005,19.81549556896299,17.70581349980492,19.367214512385733,19.23796486424823,8.576290414066932,14.790463497704724,17.779860739153722,7.467248908296943,10.449657869012707,16.633146285904772,14.288595010317014,16.465809072444145,18.11491935483871,19.623399447652524,19.556714908924352,7.651272738525412,11.951530834802755,17.242145225726336,14.84147636293089,2000,15.033927295892884,1.1204481792717087,17.91000135949608,13.391867712421291,19.7966347315031,13.575195789079512,3.4302325581395348,19.411309062742063,12.773190869354057,19.990843176918148,13.842885838317658,2431.0
135,2006,19.943680277266328,18.81042181471366,19.87969497466016,19.858544375998175,9.30232558139535,15.883311120983269,18.889484020710587,8.055312954876273,10.850439882697946,17.344296905383633,14.76270868504971,19.092755585646582,18.316532258064516,19.80918905347728,19.75534416596379,8.99422032438501,13.056283332463936,19.20218015306203,16.456712961921617,2000,15.737843170770683,0.8053221288515406,18.94865636470748,14.896023263229006,19.809033089123258,14.068744636255053,3.4302325581395348,18.590240123934933,13.579407479358911,19.928576779961542,15.599616944477937,2429.0
136,2007,20.0,18.570251874972904,19.834225358783687,20.0,9.143505388542257,14.612764697171627,18.680592751294412,8.49490538573508,9.794721407624634,17.60208900494472,15.013130744700806,17.914691943127963,17.691532258064516,20.0,19.816340551983778,8.64120131643089,12.95356081459528,17.813395941760565,15.632950857016878,2000,15.927405742279774,0.5812324929971989,18.790048488693525,14.553295868634242,19.890024957732873,14.272425649217546,2.2674418604651163,18.543764523625097,13.346284604176786,19.984683132299445,16.089133748296224,2431.0
137,2008,19.86378781990431,17.93124376815364,19.35821531757685,19.582477754962355,8.553601815087918,14.37879460980305,18.041421174790216,8.148471615720524,10.117302052785924,17.888771598422135,15.339054586381542,17.73865944482058,16.85483870967742,19.497865930203364,19.70641299915655,7.454287162021521,12.473996031694508,16.835723303312705,14.860979823011045,2000,16.24259464579253,0.7492997198879552,18.10758145647347,13.601327004878463,19.85717736092102,14.642132868371402,2.906976744186047,18.326878388845856,14.103933948518698,19.704151370609928,15.206892597287652,2428.0
138,2009,19.75356935799339,17.78731521220792,19.14602377681997,18.950490531599364,9.26829268292683,14.864504664593515,17.883413676129262,8.646288209606986,11.0752688172043,18.203233512972943,15.67060589007691,15.964793500338523,16.028225806451612,19.06100928948029,19.644522893194882,7.0891831742068785,12.412731246744169,17.066596661001984,14.96097693067431,2000,16.594207856194675,0.8613445378151261,18.0613585897494,13.58827152255321,19.815795829643346,15.02577538454183,3.4302325581395348,18.60573199070488,14.337056823700827,19.415128736608146,15.019874596473235,2430.0
139,2010,19.69036894515198,16.824034334763947,18.68659119973476,18.37782340862423,8.326715825297788,13.593958240781873,16.922870915907872,8.614264919941775,11.036168132942326,17.26762597922107,16.005908835115363,16.465809072444145,15.61491935483871,18.674366055736883,19.473040379384116,5.690291446736669,11.112749374127384,14.809168189141161,13.087643134201844,2010,15.641627087801682,0.9523809523809523,17.01907826165768,12.043029330628542,19.831897592786408,15.367981576629358,3.1976744186046515,18.636715724244773,15.055852355512386,19.284935361153426,14.351397253569775,2430.0
140,2011,19.73522085103943,16.390514587939478,18.550655993937383,18.17932922655715,8.689733408961997,13.413297793573227,16.490805213354758,9.54585152838428,12.326490713587487,16.42313461858992,16.091258675670606,16.668923493568045,15.665322580645162,17.690183278935475,19.438743876621963,5.062687912322573,10.200847341833384,14.229479205396755,12.333962550832226,2010,14.709336268200069,1.0084033613445378,16.509720396972856,11.169367594428394,19.939135335319218,15.371012113885886,4.127906976744186,19.240898528272655,13.929091792132102,19.32339401809721,13.704150029340136,2429.0
141,2012,19.677372086059595,16.57172584211211,18.454033060199876,17.864476386036962,9.018718094157686,14.54464682363394,16.663988573469023,9.400291120815139,11.104594330400781,16.079782210122783,17.000093791033578,14.285714285714286,15.060483870967742,18.147125282450414,19.32010255436331,4.915690387903262,9.971652351672626,15.18468427596951,12.759136269630144,2010,14.431444057973184,0.6932773109243697,16.75714868355463,11.6304757393962,19.856050237501005,16.399873296844717,3.7790697674418605,19.51975213013168,13.773676542010683,18.861557159386994,14.24186287012887,2430.0
142,2013,19.781729219360223,15.91104174795162,18.468242315161273,17.77549623545517,7.260351673284174,13.736117281208351,16.014997321906804,7.839883551673945,9.843597262952102,16.00311128396022,17.133277058713187,13.784698713608666,15.483870967741936,18.739643484810443,19.397409329319043,4.619703367090821,9.762390810723854,13.84529189972007,11.912703897815218,2010,14.243396543613812,0.665266106442577,16.222413558707572,10.680052315797973,20.0,16.416439364720844,3.0813953488372094,19.59721146398141,15.65808644973288,18.99607921484404,14.37732891534023,2431.0
143,2014,19.723625614006025,15.482724238089045,18.232368682802065,17.581565138033312,8.133862733976176,12.329335110321338,15.545438314586681,8.046579330422126,10.117302052785924,15.314184121340075,17.476083286437817,13.337846987136086,16.653225806451612,18.12201857896058,19.29217380618566,3.9837195978566453,9.075656585841678,12.316505419132415,10.735360038162243,2010,13.57208124605548,0.623249299719888,15.659582181538044,9.88531383571551,19.980838901859755,16.79332161004841,3.546511627906977,19.56622773044152,15.269548324429334,18.877539977857136,14.804371445601141,2430.0
144,2015,19.707570670421315,16.250921229462,18.47439965897788,17.82112708190737,9.154849688031764,14.47060565674515,16.353329762542405,7.292576419213974,10.40078201368524,15.373076282015667,17.478428062277246,12.877454299255247,16.149193548387096,18.77479286969621,19.257430443452662,4.886854427869599,9.671633563980869,15.07215917966141,12.554826569201476,2010,13.70462580004125,0.5252100840336135,16.546879956496127,11.29287938546246,19.88133000563562,16.883409413983767,2.7325581395348837,20.0,15.871782418649829,18.73535948854981,14.907328671499476,2429.0
145,2016,19.716872344085473,17.202063553994883,18.554918770425804,17.848505589778693,8.406125921724334,16.54671997630683,17.3308337796822,7.385735080058224,9.78494623655914,16.500916717595423,18.198743200150066,12.620176032498307,16.643145161290324,18.674366055736883,19.362889396571468,5.13876463953094,10.581060357319082,17.012959641740984,14.067208638323761,2010,14.87231203637202,0.37815126050420167,17.500339874020028,12.746116543633956,19.832380645680704,17.68954893221342,1.8604651162790697,19.752130131680868,16.357455075279262,18.375080122201965,15.188952863967495,2428.0
146,2017,19.717636865208554,17.928642649672692,18.52602661867096,18.174766141911935,7.521270561542824,18.01273508070487,18.056597036243527,7.356622998544395,9.130009775171064,17.32429579421079,18.7249108985181,13.134732566012186,17.772177419354836,19.101180015064024,19.442542186374123,5.034741017569214,11.126397558761617,18.300246629048193,15.043046899703121,2010,15.71817049496931,0.2100840336134454,18.2136221507228,13.82071744336603,19.808550036228965,18.269412161047043,1.3372093023255813,18.249419054996128,16.37688198154444,18.106868449749854,15.031487860866562,2430.0
147,2018,19.70043513993922,17.103221051718908,17.959077345711172,17.871321013004792,8.111174134997164,16.472678809418035,17.20674879485806,7.202328966521106,9.364613880742912,17.165398077670982,19.242168448696304,12.579553148273527,19.375,17.358774792869696,19.42533807749669,3.0991856746935325,10.031609778438842,15.804511988269741,13.13344418893021,2010,15.465279265611695,0.09103641456582634,17.401549825531337,12.490058789284566,19.920618307704693,18.708469798586695,0.872093023255814,19.2563903950426,16.73627974745022,17.98733028660856,13.955634657247256,2431.0
148,2019,19.85576034811195,18.695972601552,18.44266565623076,18.480492813141684,7.40782756664776,20.0,18.871630066059634,6.637554585152838,8.132942326490713,17.397633201844545,20.0,10.19634394041977,20.0,17.388902837057493,19.57704703759768,4.287074742003341,10.859612427290424,19.652540898864586,15.672176249605467,2010,15.723875957906422,0.11204481792717087,18.930529750305887,14.759683065620825,19.888897834312857,19.539578366344067,1.2790697674418605,18.264910921766074,16.163186012627488,17.722947831081587,14.677269003202486,2429.0
149,2020,6.142672383585731,5.583734339099146,5.370151091744423,5.457449235683321,1.236528644356211,6.755516066933215,5.933761828244957,2.576419213973799,2.854349951124145,6.5048058225456975,7.227068092290377,2.735274204468517,8.276209677419356,6.211398443384384,6.172923637216733,2.1791748168022256,10.836475428275298,17.055458694511618,14.211389526706464,2020,17.064553380105522,0.0,6.165767888702588,14.426836174221956,6.385315192013525,20.0,0.46511627906976744,6.522075910147173,5.352112676056338,5.084534125814749,12.930863922133373,898.0
